"id","submitdate","lastpage","startlanguage","seed","refurl","G01Q18","proceed","G01Q01[SQ001]","G01Q01[SQ002]","G01Q01[SQ003]","G01Q02","G01Q03[SQ001]","G01Q03[SQ002]","G01Q03[SQ005]","G01Q03[SQ003]","G01Q03[SQ004]","G01Q03[SQ006]","G01Q04","G01Q05","G01Q06","G02Q07","G01Q08[SQ001]","G01Q08[SQ002]","G01Q08[SQ003]","G01Q08[other]","G02Q09[SQ001]","G02Q09[SQ002]","G02Q09[SQ003]","G02Q09[SQ004]","G02Q09[SQ005]","G02Q09[SQ009]","G02Q09[SQ006]","G02Q09[SQ007]","G02Q09[SQ008]","G02Q09[other]","G02Q10[SQ001]","G02Q10[SQ002]","G02Q10[SQ003]","G02Q10[SQ004]","G02Q10[SQ005]","G02Q10[SQ008]","G02Q10[SQ006]","G02Q10[SQ007]","G03Q11[SQ001]","G03Q11[SQ002]","G03Q11[SQ003]","G03Q11[SQ004]","G03Q11[other]","G03Q12[SQ001]","G03Q12[SQ002]","G03Q12[SQ003]","G03Q12[SQ004]","G03Q13[SQ001]","G03Q13[SQ002]","G03Q13[SQ003]","G05Q16[SQ001]","G05Q16[SQ002]","G05Q16[SQ007]","G05Q16[SQ008]","G05Q16[SQ003]","G05Q16[SQ004]","G05Q16[SQ005]","G05Q16[SQ006]","G04Q14[SQ001]","G04Q14[SQ002]","G04Q14[SQ003]","G04Q14[SQ004]","G04Q14[SQ005]","G04Q14[SQ006]","G01Q15[SQ001]","G01Q15[SQ002]","G01Q15[SQ003]","G01Q15[SQ004]","G01Q15[SQ005]","G01Q15[SQ006]","G01Q15[SQ007]","G01Q15[SQ008]","G01Q15[SQ009]","G01Q15[SQ010]","G05Q22[SQ001]","G05Q22[SQ002]","G05Q22[SQ003]","G05Q22[SQ004]","G05Q22[SQ005]","G05Q22[SQ006]","G05Q22[SQ007]","G05Q22[SQ008]","G05Q22[SQ009]","G05Q22[SQ010]","G06Q17","G06Q17[other]","G07Q20","G01Q21[SQ001]","G01Q21[SQ002]","G01Q21[SQ003]","G01Q21[SQ004]","G01Q21[SQ005]","G01Q21[SQ006]","G01Q21[SQ007]","interviewtime","groupTime1719","G01Q18Time","proceedTime","groupTime1713","G01Q01Time","G01Q02Time","G01Q03Time","G01Q04Time","G01Q05Time","G01Q06Time","groupTime1714","G02Q07Time","G01Q08Time","G02Q09Time","G02Q10Time","groupTime1715","G03Q11Time","G03Q12Time","G03Q13Time","G05Q16Time","groupTime1716","G04Q14Time","G01Q15Time","groupTime1720","G05Q22Time","groupTime1718","G06Q17Time","G07Q20Time","G01Q21Time"
"4","1980-01-01 00:00:00","7","en","785217689","","","Yes","Yes","No","No","More than 20 hours","No","No","No","Yes","Yes","No","Not involved (""just"" playing)","Yes","Yes, I strongly identify as a gamer.","Sometimes","Yes","Yes","Yes","","Yes","Yes","No","Yes","Yes","Yes","No","No","No","","7 (Extremely Severe)","7 (Extremely Severe)","6 (Very Severe)","7 (Extremely Severe)","6 (Very Severe)","6 (Very Severe)","7 (Extremely Severe)","4 (Moderate)","No","No","No","Yes","","Agree","Agree","Strongly disagree","Neutral","Completely","Moderately","Not at all","Always","Always","Rarely","Never","Often","Sometimes","Never","Never","Agree","Neutral","Neutral","Strongly disagree","Neutral","Neutral","""Of course you're a girl, well it's GG""(me)","""you should suck some more dick and not touch technology""(else)","""men letting loose women must be reportable""(else)","""why don't you stick to underdesk-support?""(else)","""go make me a sandwich""(me)","","","","","","6 (Very Severe)","7 (Extremely Severe)","7 (Extremely Severe)","7 (Extremely Severe)","5 (Severe)","","","","","","Agender","","18 - 25 years old","Yes","No","No","No","No","No","No","640.11","6.59",,,"60.14",,,,,,,"104.65",,,,,"180",,,,,"246.46",,,"26.13",,"16.14",,,
"6","1980-01-01 00:00:00","7","en","84074700","","","Yes","Yes","No","No","More than 20 hours","No","No","No","Yes","Yes","No","Active Participant (Posting, Organizing Events, Moderating Communities, ...)","Yes","Yes, I strongly identify as a gamer.","Rarely","Yes","No","No","","No","No","No","No","No","No","No","Yes","No","","6 (Very Severe)","6 (Very Severe)","5 (Severe)","5 (Severe)","5 (Severe)","6 (Very Severe)","7 (Extremely Severe)","3 (Mild)","No","Yes","No","No","","Strongly agree","Agree","Disagree","Strongly agree","Completely","Moderately","Slightly","Always","Always","Rarely","Rarely","Often","Often","Never","Sometimes","Agree","Neutral","Strongly disagree","Disagree","Agree","Agree","Do you have Instagram? Snapchat? (me)","[crouches in front of me, makes kissing noises in voice chat] (me)","Stop talking! [after I said ""Hi team""] (me)","I identify as a sandwich. (me)","Oh yeah [moans in VC] (me)","","","","","","3 (Mild)","6 (Very Severe)","5 (Severe)","5 (Severe)","6 (Very Severe)","","","","","","Non-binary","","25 - 35 years old","Yes","No","No","No","No","No","No","776.12","11.16",,,"67.3",,,,,,,"142.12",,,,,"92.35",,,,,"394.91",,,"49.62",,"18.66",,,
"7","1980-01-01 00:00:00","7","en","138183782","","","Yes","Yes","No","No","More than 20 hours","No","No","No","Yes","No","No","Active Participant (Posting, Organizing Events, Moderating Communities, ...)","Yes","Yes, I strongly identify as a gamer.","Sometimes","Yes","Yes","No","","Yes","Yes","Yes","Yes","Yes","Yes","No","No","No","","5 (Severe)","5 (Severe)","4 (Moderate)","5 (Severe)","5 (Severe)","4 (Moderate)","1 (Not Severe at All)","1 (Not Severe at All)","Yes","No","No","No","","Neutral","Disagree","Neutral","Agree","Slightly","Not at all","Not at all","Rarely","Rarely","Never","Often","Sometimes","Often","Often","Often","Agree","Agree","Neutral","Agree","Agree","Neutral","","","","","","","","","","","","","","","","","","","","","Female","","18 - 25 years old","No","No","No","Yes","No","No","No","193.29","4.3",,,"24.23",,,,,,,"46.28",,,,,"69.88",,,,,"23.23",,,"12.77",,"12.6",,,
"9","1980-01-01 00:00:00","7","en","801485386","","","Yes","Yes","No","No","10 to 20 hours","No","No","No","No","Yes","No","Passive Participant (Reading posts, Attending Events, ...)","Yes","Yes, I strongly identify as a gamer.","Often","Yes","Yes","No","","Yes","Yes","Yes","Yes","Yes","Yes","No","No","No","","6 (Very Severe)","7 (Extremely Severe)","7 (Extremely Severe)","7 (Extremely Severe)","6 (Very Severe)","4 (Moderate)","6 (Very Severe)","5 (Severe)","No","No","No","Yes","","Strongly agree","Disagree","Neutral","Neutral","Slightly","Not at all","Not at all","Always","Always","Rarely","Rarely","Often","Often","Rarely","Rarely","Strongly agree","Agree","Agree","Disagree","Disagree","Strongly disagree","go back to the kitchen","i gonna rape you","he is gay","die to cancer","moahing in the mic","fuck you transgender shit","","","","","4 (Moderate)","7 (Extremely Severe)","5 (Severe)","5 (Severe)","6 (Very Severe)","7 (Extremely Severe)","","","","","Female","","25 - 35 years old","Yes","No","No","No","No","No","No","3101.91","9.93",,,"186.68",,,,,,,"277.41",,,,,"2430.02",,,,,"166.88",,,"18.42",,"12.57",,,
"10","1980-01-01 00:00:00","7","en","1663925118","","","Yes","Yes","No","No","More than 20 hours","No","No","No","Yes","No","No","Passive Participant (Reading posts, Attending Events, ...)","Yes","Yes, I strongly identify as a gamer.","Never","No","No","No","none","No","No","No","No","No","No","No","No","Yes","","4 (Moderate)","4 (Moderate)","5 (Severe)","6 (Very Severe)","5 (Severe)","6 (Very Severe)","7 (Extremely Severe)","5 (Severe)","Yes","No","Yes","No","","Disagree","Disagree","Disagree","Disagree","Completely","Moderately","Moderately","Always","Always","Sometimes","Sometimes","Sometimes","Sometimes","Sometimes","Sometimes","Strongly agree","Strongly agree","Disagree","Strongly disagree","Agree","Agree","""suck my dick"" (said to me)","""go to the kitchen"" (said to me)","""make me a sandwich"" (said to me)",""" why are women always like that?"" (said to me)","""why are you not in the kitchen?"" (said to me)","""since when you have wifi in the kitchen?"" (said to me)","","","","","6 (Very Severe)","4 (Moderate)","4 (Moderate)","5 (Severe)","4 (Moderate)","4 (Moderate)","4 (Moderate)","","","","Agender","","18 - 25 years old","Yes","No","No","No","No","No","No","1001.73","42.68",,,"65.08",,,,,,,"185.46",,,,,"146.4",,,,,"494.35",,,"37.7",,"30.06",,,
"12","1980-01-01 00:00:00","7","en","365274445","","","Yes","Yes","No","No","5 to 10 hours","No","No","No","No","Yes","No","Active Participant (Posting, Organizing Events, Moderating Communities, ...)","No","Somewhat, I identify as a gamer in certain contexts.","Sometimes","Yes","No","Yes","","Yes","No","Yes","Yes","Yes","Yes","No","No","No","","5 (Severe)","4 (Moderate)","6 (Very Severe)","5 (Severe)","5 (Severe)","4 (Moderate)","3 (Mild)","3 (Mild)","No","No","No","Yes","","Neutral","Agree","Disagree","Strongly agree","Significantly","Significantly","Slightly","Often","Sometimes","Sometimes","Often","Often","Often","Rarely","Sometimes","Agree","Agree","Neutral","Disagree","Agree","Agree","Ofc, you’re a girl","Go back to the kitchen","Can I get your snapchat ","Make me a sandwich ","I bet you’re fat and ugly","Kissing sounds directed at me","How much to show me your boobs","Stupid bitch","/","/","4 (Moderate)","6 (Very Severe)","4 (Moderate)","6 (Very Severe)","5 (Severe)","5 (Severe)","7 (Extremely Severe)","5 (Severe)","","","Female","","18 - 25 years old","Yes","No","No","No","No","No","No","803.69","4.79",,,"48.14",,,,,,,"94",,,,,"332.16",,,,,"273.46",,,"39.19",,"11.95",,,
"14","1980-01-01 00:00:00","7","en","2455935","","","Yes","Yes","No","No","10 to 20 hours","Yes","No","No","Yes","Yes","No","Passive Participant (Reading posts, Attending Events, ...)","No","Yes, I strongly identify as a gamer.","Always","No","No","No","none","No","No","No","No","No","No","No","No","Yes","","1 (Not Severe at All)","1 (Not Severe at All)","1 (Not Severe at All)","1 (Not Severe at All)","1 (Not Severe at All)","1 (Not Severe at All)","1 (Not Severe at All)","1 (Not Severe at All)","No","No","No","Yes","","Strongly agree","Strongly disagree","Agree","Strongly disagree","Not at all","Not at all","Not at all","Rarely","Never","Never","Never","Never","Never","Never","Never","Strongly disagree","Strongly disagree","Agree","Strongly agree","Neutral","Strongly disagree","are you female","","","","","","","","","","1 (Not Severe at All)","","","","","","","","","","Female","","","Yes","No","No","No","No","No","No","295.9","6.07",,,"45.01",,,,,,,"95.67",,,,,"72.29",,,,,"45.96",,,"16.52",,"14.38",,,
"15","1980-01-01 00:00:00","7","en","1697750735","","","Yes","Yes","No","Yes","Less than 5 hours","No","No","No","No","No","Yes","Passive Participant (Reading posts, Attending Events, ...)","No","Yes, I strongly identify as a gamer.","Always","No","No","No","didnt","No","No","No","No","No","No","No","No","Yes","","7 (Extremely Severe)","7 (Extremely Severe)","7 (Extremely Severe)","7 (Extremely Severe)","6 (Very Severe)","7 (Extremely Severe)","7 (Extremely Severe)","7 (Extremely Severe)","Yes","No","Yes","No","","Neutral","Agree","Disagree","Agree","Completely","Significantly","Moderately","Always","Always","Always","Always","Always","Always","Never","Never","Strongly agree","Strongly agree","Neutral","Strongly disagree","Neutral","Neutral","""go back the the kitchen""","""bitch""","","","","","","","","","4 (Moderate)","4 (Moderate)","","","","","","","","","Female","","18 - 25 years old","Yes","No","No","No","No","No","No","872.26","8.11",,,"105.48",,,,,,,"346.57",,,,,"226.64",,,,,"123.67",,,"46.9",,"14.89",,,
"16","1980-01-01 00:00:00","7","en","2065485292","","","Yes","Yes","No","No","10 to 20 hours","No","No","No","Yes","No","No","Active Participant (Posting, Organizing Events, Moderating Communities, ...)","No","Yes, I strongly identify as a gamer.","Often","Yes","Yes","No","","Yes","Yes","Yes","Yes","Yes","No","No","Yes","No","","7 (Extremely Severe)","7 (Extremely Severe)","6 (Very Severe)","6 (Very Severe)","6 (Very Severe)","6 (Very Severe)","7 (Extremely Severe)","6 (Very Severe)","No","No","No","Yes","","Strongly agree","Disagree","Agree","Strongly disagree","Not at all","Not at all","Not at all","Always","Always","Rarely","Rarely","Never","Never","Never","Rarely","Strongly agree","Strongly agree","Neutral","Disagree","Neutral","Disagree","","","","","","","","","","","","","","","","","","","","","Female","","18 - 25 years old","Yes","No","No","No","No","No","No","150.16","4.6",,,"22.14",,,,,,,"42.19",,,,,"41.82",,,,,"21.02",,,"10.69",,"7.7",,,
"17","1980-01-01 00:00:00","7","en","391710404","","","Yes","Yes","No","No","5 to 10 hours","Yes","No","No","No","Yes","No","Not involved (""just"" playing)","Yes","Yes, I strongly identify as a gamer.","Often","No","No","Yes","","Yes","No","Yes","Yes","Yes","Yes","No","No","No","","7 (Extremely Severe)","7 (Extremely Severe)","7 (Extremely Severe)","7 (Extremely Severe)","5 (Severe)","5 (Severe)","7 (Extremely Severe)","6 (Very Severe)","No","No","No","Yes","","Strongly agree","Disagree","Neutral","Agree","Not at all","Not at all","Not at all","Often","Always","Always","Always","Always","Always","Never","Often","Agree","Neutral","Neutral","Strongly agree","Neutral","Neutral","go back to the kitchen","your voice is makes me hard, can you suck on my dick and have e sex with me","gg its a girl","have my babies","you are so sexy im about to bust ","","","","","","4 (Moderate)","7 (Extremely Severe)","3 (Mild)","7 (Extremely Severe)","7 (Extremely Severe)","","","","","","Female","","18 - 25 years old","Yes","No","No","No","No","No","No","362.39","10.32",,,"45.72",,,,,,,"66.53",,,,,"86.91",,,,,"109.67",,,"21.46",,"21.78",,,
"19","1980-01-01 00:00:00","7","en","1037564422","","","Yes","Yes","No","No","5 to 10 hours","No","No","No","Yes","No","No","Passive Participant (Reading posts, Attending Events, ...)","No","Yes, I strongly identify as a gamer.","Sometimes","Yes","No","Yes","","No","No","Yes","Yes","No","No","No","Yes","No","","1 (Not Severe at All)","3 (Mild)","3 (Mild)","3 (Mild)","6 (Very Severe)","3 (Mild)","1 (Not Severe at All)","4 (Moderate)","No","No","No","Yes","","Neutral","Agree","Strongly disagree","Strongly agree","Completely","Completely","Not at all","Often","Often","Never","Often","Rarely","Rarely","Rarely","Rarely","Agree","Strongly disagree","Neutral","Strongly disagree","Neutral","Disagree","","","","","","","","","","","","","","","","","","","","","Female","","Under 18 years old","Yes","No","No","No","No","No","No","200.77","5.4",,,"35.56",,,,,,,"47.27",,,,,"71.56",,,,,"28.03",,,"4.75",,"8.2",,,
"20","1980-01-01 00:00:00","7","en","539558068","","","Yes","Yes","No","No","10 to 20 hours","No","No","No","Yes","No","No","Active Participant (Posting, Organizing Events, Moderating Communities, ...)","No","Somewhat, I identify as a gamer in certain contexts.","Always","No","No","No","","No","No","No","No","No","No","No","No","Yes","","5 (Severe)","5 (Severe)","5 (Severe)","6 (Very Severe)","5 (Severe)","5 (Severe)","7 (Extremely Severe)","3 (Mild)","No","No","No","Yes","","Neutral","Agree","Neutral","Strongly disagree","Slightly","Not at all","Not at all","Often","Often","Rarely","Rarely","Rarely","Rarely","Rarely","Rarely","Agree","Disagree","Neutral","Neutral","Agree","Disagree","","","","","","","","","","","","","","","","","","","","","Male","","Over 35 years old","Yes","No","No","No","No","No","No","335.26","7.38",,,"34.84",,,,,,,"109.47",,,,,"93.6",,,,,"44.87",,,"30.3",,"14.8",,,
"21","1980-01-01 00:00:00","7","en","1484269757","","","Yes","Yes","No","No","More than 20 hours","No","No","No","Yes","Yes","No","Passive Participant (Reading posts, Attending Events, ...)","Yes","Yes, I strongly identify as a gamer.","Often","Yes","Yes","Yes","","Yes","No","Yes","Yes","Yes","Yes","Yes","Yes","No","","7 (Extremely Severe)","5 (Severe)","7 (Extremely Severe)","7 (Extremely Severe)","5 (Severe)","4 (Moderate)","7 (Extremely Severe)","5 (Severe)","Yes","No","Yes","No","","Neutral","Strongly agree","Strongly disagree","Disagree","Significantly","Not at all","Not at all","Always","Always","Sometimes","Rarely","Often","Sometimes","Never","Never","Strongly agree","Agree","Disagree","Disagree","Strongly agree","Neutral","""ah a pick me voice"" (me)","""shut up bitch"" (me)","""go back to the kitchen"" (me)","""go make me a sandwich"" (me)","""blind whore"" (me)","""why are you forcing your voice"" (me)","""you're probably fat irl"" (me)","""boosted fuck""","""cancer whore go die""","""i can boost you for some pics""","6 (Very Severe)","7 (Extremely Severe)","7 (Extremely Severe)","7 (Extremely Severe)","7 (Extremely Severe)","6 (Very Severe)","7 (Extremely Severe)","7 (Extremely Severe)","7 (Extremely Severe)","7 (Extremely Severe)","Female","","18 - 25 years old","Yes","No","No","No","No","No","No","1253.34","10.72",,,"55.14",,,,,,,"195.56",,,,,"373.04",,,,,"573.63",,,"32.15",,"13.1",,,
"22","1980-01-01 00:00:00","7","en","796733478","","","Yes","Yes","No","No","Less than 5 hours","No","No","No","Yes","No","No","Passive Participant (Reading posts, Attending Events, ...)","Yes","Somewhat, I identify as a gamer in certain contexts.","Sometimes","Yes","Yes","No","","Yes","No","Yes","Yes","Yes","Yes","No","Yes","No","","5 (Severe)","6 (Very Severe)","6 (Very Severe)","7 (Extremely Severe)","7 (Extremely Severe)","5 (Severe)","7 (Extremely Severe)","5 (Severe)","Yes","No","Yes","No","","Disagree","Agree","Strongly disagree","Agree","Significantly","Moderately","Not at all","Always","Always","Rarely","Rarely","Rarely","Sometimes","Never","Never","Strongly agree","Strongly agree","Disagree","Strongly disagree","Disagree","Agree","(Me) Go back to the kitchen this is why females shouldn’t be gamers ","(Me) I hope you get raped, killed and pissed on your dead body","(Me) Supp is female let’s ff","(Me) You play like a girl ","(Me) spamming: „my name“ do you love me?? ","(Me) your boyfriend obviously boosted you","","","","","6 (Very Severe)","7 (Extremely Severe)","6 (Very Severe)","6 (Very Severe)","5 (Severe)","6 (Very Severe)","","","","","Female","","18 - 25 years old","Yes","No","No","No","No","No","No","625.8","9.61",,,"35.08",,,,,,,"89.4",,,,,"91.64",,,,,"350.57",,,"29.64",,"19.86",,,
"23","1980-01-01 00:00:00","7","en","364539272","","","Yes","Yes","No","Yes","5 to 10 hours","No","No","No","Yes","No","No","Passive Participant (Reading posts, Attending Events, ...)","No","Somewhat, I identify as a gamer in certain contexts.","Often","Yes","Yes","No","","Yes","No","Yes","Yes","Yes","No","No","Yes","No","","5 (Severe)","5 (Severe)","4 (Moderate)","5 (Severe)","3 (Mild)","3 (Mild)","7 (Extremely Severe)","4 (Moderate)","Yes","No","Yes","No","","Neutral","Agree","Neutral","Agree","Completely","Slightly","Not at all","Always","Always","Always","Always","Always","Always","Always","Always","Strongly agree","Agree","Disagree","Strongly disagree","Strongly agree","Agree","Vayne (a champion in ""lol"") is too hard for me because im a girl ","e-girl","kitten (both directed at me and else, with deragatory intent usually followed by word ""obey"")","slut, whore, bitch (both me and else)","stupid women (both me and else)","","","","","","4 (Moderate)","2 (Very Mild)","2 (Very Mild)","4 (Moderate)","4 (Moderate)","","","","","","Female","","18 - 25 years old","Yes","No","No","No","No","No","No","529.91","8.13",,,"31.69",,,,,,,"78.82",,,,,"68.04",,,,,"290.7",,,"41.34",,"11.19",,,
"25","1980-01-01 00:00:00","7","en","784221359","","","Yes","Yes","No","No","More than 20 hours","No","No","No","Yes","No","No","Passive Participant (Reading posts, Attending Events, ...)","No","Yes, I strongly identify as a gamer.","Rarely","No","Yes","No","","No","No","Yes","No","No","No","No","No","No","","2 (Very Mild)","1 (Not Severe at All)","3 (Mild)","2 (Very Mild)","6 (Very Severe)","2 (Very Mild)","1 (Not Severe at All)","2 (Very Mild)","Yes","No","No","No","","Strongly agree","Disagree","Neutral","Agree","Completely","Not at all","Not at all","Always","Often","Rarely","Rarely","Rarely","Often","Never","Rarely","Agree","Neutral","Neutral","Neutral","Agree","Disagree","classic: Go to the kitchen","Shit egirl can´t play","Don´t wanna play anymore cause of this boosted egirl","Go play support u suck","","","","","","","1 (Not Severe at All)","1 (Not Severe at All)","1 (Not Severe at All)","1 (Not Severe at All)","","","","","","","Female","","25 - 35 years old","Yes","No","No","No","No","No","No","454.87","8.58",,,"56.24",,,,,,,"98.78",,,,,"120.78",,,,,"130.91",,,"17.4",,"22.18",,,
"28","1980-01-01 00:00:00","7","en","868158942","","","Yes","Yes","Yes","Yes","More than 20 hours","Yes","No","No","Yes","Yes","No","Passive Participant (Reading posts, Attending Events, ...)","Yes","Yes, I strongly identify as a gamer.","Rarely","Yes","Yes","Yes","","Yes","Yes","Yes","Yes","Yes","Yes","Yes","Yes","No","","7 (Extremely Severe)","7 (Extremely Severe)","7 (Extremely Severe)","7 (Extremely Severe)","7 (Extremely Severe)","7 (Extremely Severe)","7 (Extremely Severe)","7 (Extremely Severe)","Yes","Yes","No","No","","Strongly agree","Neutral","Strongly disagree","Disagree","Completely","Completely","Completely","Always","Always","Always","Always","Always","Always","Always","Always","Strongly agree","Agree","Agree","Disagree","Neutral","Disagree","Geh mal wieder in die Küche! (an mich und andere)","Mach mir mal ein Brot/Toast! (an mich und andere)","Geh Hello Kitty spielen! (an mich)","Kleines Kind! (an mich und andere)","Nimm ihn in den Mund! (an mich)","Gib mal Snapchat! (an mich und andere im unpassenden Kontext)","Gib mal Onlyfans! (an mich)","Schlampe! (an mich und andere)","Pick me girl! (an mich und andere)","Frauen können nicht so gut spielen wie Männer! (an mich)","7 (Extremely Severe)","7 (Extremely Severe)","4 (Moderate)","7 (Extremely Severe)","5 (Severe)","6 (Very Severe)","6 (Very Severe)","7 (Extremely Severe)","7 (Extremely Severe)","6 (Very Severe)","Female","","18 - 25 years old","Yes","No","No","No","No","No","No","928.42","6.19",,,"67.4",,,,,,,"107.34",,,,,"144.19",,,,,"546",,,"25.55",,"31.75",,,
"29","1980-01-01 00:00:00","7","en","919652967","","","Yes","Yes","No","No","More than 20 hours","No","No","No","Yes","Yes","No","Passive Participant (Reading posts, Attending Events, ...)","No","Yes, I strongly identify as a gamer.","Sometimes","Yes","No","Yes","","No","No","Yes","No","Yes","No","No","No","No","","5 (Severe)","5 (Severe)","7 (Extremely Severe)","7 (Extremely Severe)","6 (Very Severe)","6 (Very Severe)","7 (Extremely Severe)","7 (Extremely Severe)","Yes","No","No","No","","Neutral","Neutral","Disagree","Disagree","Significantly","Slightly","Slightly","Always","Always","Often","Often","Always","Always","Rarely","Rarely","Agree","Agree","Neutral","Disagree","Agree","Neutral","Geh zurück in die Küche. (else)","Mach mir ein Toast. (else)","","","","","","","","","3 (Mild)","3 (Mild)","","","","","","","","","Female","","25 - 35 years old","Yes","No","No","No","No","No","No","1159.52","9.48",,,"106.9",,,,,,,"305.03",,,,,"270.24",,,,,"388.2",,,"12.07",,"67.6",,,
"30","1980-01-01 00:00:00","7","en","546467387","","","Yes","Yes","No","No","10 to 20 hours","No","No","No","Yes","No","No","Not involved (""just"" playing)","No","Somewhat, I identify as a gamer in certain contexts.","Sometimes","Yes","Yes","No","","No","No","Yes","No","No","Yes","No","No","No","","7 (Extremely Severe)","7 (Extremely Severe)","5 (Severe)","7 (Extremely Severe)","4 (Moderate)","6 (Very Severe)","7 (Extremely Severe)","5 (Severe)","No","No","No","Yes","","Neutral","Agree","Strongly disagree","Agree","Completely","Significantly","Moderately","Always","Always","Rarely","Rarely","Often","Often","Never","Never","Agree","Agree","Neutral","Disagree","Agree","Disagree","When playing bad, people would assume I was a girl","Flirtatious comments to me or my friends whenever we would disclose that we are girls","sexual comments towards me or my friends","","","","","","","","4 (Moderate)","5 (Severe)","6 (Very Severe)","","","","","","","","Female","","18 - 25 years old","Yes","No","No","No","No","No","No","636.28","29.36",,,"55.99",,,,,,,"89.48",,,,,"118.06",,,,,"311.32",,,"18.48",,"13.59",,,
"33","1980-01-01 00:00:00","7","en","886951272","","","Yes","Yes","No","No","More than 20 hours","No","No","No","Yes","No","No","Passive Participant (Reading posts, Attending Events, ...)","Yes","Yes, I strongly identify as a gamer.","Sometimes","No","No","Yes","","Yes","No","Yes","Yes","Yes","No","No","No","No","","5 (Severe)","5 (Severe)","7 (Extremely Severe)","7 (Extremely Severe)","4 (Moderate)","6 (Very Severe)","7 (Extremely Severe)","7 (Extremely Severe)","Yes","No","Yes","No","","Agree","Strongly agree","Neutral","Strongly agree","Completely","Completely","Completely","Always","Always","Always","Always","Always","Always","Always","Always","Strongly agree","Strongly agree","Disagree","Strongly disagree","Agree","Agree","*barking*","return to the kitchen","slut hoe whore ","","","","","","","","3 (Mild)","5 (Severe)","6 (Very Severe)","","","","","","","","Female","","18 - 25 years old","Yes","No","No","No","No","No","No","256.64","5.17",,,"34.64",,,,,,,"68.77",,,,,"55.88",,,,,"67.69",,,"14.64",,"9.85",,,
"36","1980-01-01 00:00:00","7","en","1561682415","","","Yes","Yes","No","No","Less than 5 hours","No","No","No","Yes","No","No","Active Participant (Posting, Organizing Events, Moderating Communities, ...)","No","Somewhat, I identify as a gamer in certain contexts.","Sometimes","No","No","No","","No","No","No","No","No","No","No","No","Yes","","5 (Severe)","5 (Severe)","7 (Extremely Severe)","7 (Extremely Severe)","2 (Very Mild)","3 (Mild)","7 (Extremely Severe)","5 (Severe)","No","No","No","Yes","","Strongly agree","Strongly disagree","Agree","Strongly disagree","Not at all","Not at all","Not at all","Sometimes","Rarely","Often","Often","Often","Often","Often","Always","Agree","Neutral","Neutral","Disagree","Neutral","Strongly disagree","","","","","","","","","","","","","","","","","","","","","Female","","18 - 25 years old","Yes","No","No","No","No","No","No","228.73","21.26",,,"22.55",,,,,,,"74.66",,,,,"61.62",,,,,"29.09",,,"9.23",,"10.32",,,
"39","1980-01-01 00:00:00","7","en","1896051471","","","Yes","Yes","No","No","5 to 10 hours","No","No","No","Yes","No","No","Passive Participant (Reading posts, Attending Events, ...)","No","Yes, I strongly identify as a gamer.","Rarely","Yes","Yes","Yes","","Yes","No","Yes","Yes","Yes","Yes","No","Yes","No","","5 (Severe)","4 (Moderate)","7 (Extremely Severe)","7 (Extremely Severe)","4 (Moderate)","4 (Moderate)","7 (Extremely Severe)","5 (Severe)","Yes","No","No","No","","Agree","Strongly disagree","Disagree","Agree","Significantly","Moderately","Not at all","Always","Always","Never","Never","Rarely","Never","Rarely","Rarely","Agree","Agree","Strongly disagree","Neutral","Strongly agree","Neutral","boosted egirl","","","","","","","","","","2 (Very Mild)","","","","","","","","","","Female","","18 - 25 years old","Yes","No","No","No","No","No","No","390.09","11.5",,,"40.9",,,,,,,"155.05",,,,,"83.16",,,,,"74.87",,,"15.44",,"9.17",,,
"40","1980-01-01 00:00:00","7","en","421540025","","","Yes","Yes","No","No","10 to 20 hours","No","No","No","No","No","Yes","Passive Participant (Reading posts, Attending Events, ...)","No","Yes, I strongly identify as a gamer.","Rarely","Yes","No","Yes","","No","No","Yes","No","Yes","No","No","Yes","No","","5 (Severe)","4 (Moderate)","7 (Extremely Severe)","7 (Extremely Severe)","7 (Extremely Severe)","5 (Severe)","5 (Severe)","6 (Very Severe)","No","No","No","No","I sometimes think if i should change my battletag but it is only a thought and i don't want to do it actually","Neutral","Agree","Disagree","Agree","Moderately","Slightly","Not at all","Always","Always","Often","Sometimes","Often","Often","Rarely","Rarely","Strongly agree","Strongly agree","Neutral","Strongly disagree","Neutral","Disagree","""get back to the kitchen"" - at me","""you fucking suck (get back to the kitchen)"" after hearing my female voice - at me","""du kleine nutte"" he said much more but i can't remember even tho it was only 2 weeks ago. but this one stuck with me a lot. he also mentioned something that women shouldn't play games but i can't recall the phrasing anymore. -at me","""do you wanna marry me?"" the second they hear my ""hello"" in team voice ","""let's have children/i can give you children"" same scenario as in nr. 4","""are you a woman or a boy?"" after hearing my voice - nowadays i say i am a boy to be left alone - it sadly works","","","","","6 (Very Severe)","7 (Extremely Severe)","7 (Extremely Severe)","4 (Moderate)","5 (Severe)","3 (Mild)","","","","","Female","","25 - 35 years old","Yes","No","No","No","No","No","No","1088.48","6.1",,,"62.41",,,,,,,"148.59",,,,,"299.01",,,,,"518.68",,,"39.23",,"14.46",,,
"41","1980-01-01 00:00:00","7","en","380867003","","","Yes","Yes","No","No","5 to 10 hours","No","No","No","Yes","Yes","No","Passive Participant (Reading posts, Attending Events, ...)","No","Somewhat, I identify as a gamer in certain contexts.","Often","Yes","Yes","Yes","","Yes","Yes","Yes","Yes","Yes","Yes","No","Yes","No","","6 (Very Severe)","7 (Extremely Severe)","6 (Very Severe)","6 (Very Severe)","6 (Very Severe)","6 (Very Severe)","6 (Very Severe)","5 (Severe)","No","No","No","No","Disabled voicechat, enabled hidden name (in valorant)","Agree","Agree","Neutral","Agree","Completely","Moderately","Not at all","Always","Always","Often","Often","Often","Often","Sometimes","Sometimes","Strongly agree","Strongly agree","Neutral","Disagree","Agree","Neutral","Go to the kitchen (me)","You are a woman, deinstall the game (me)","You are a bitch/whore (me)","I would not hold your units if u gave me your Snapchat (me, TFT)","Make me a sandwich, maybe you are better at that (me)","Kahba/Sharmuta (me)","The game is not for women (me)","","","","5 (Severe)","5 (Severe)","6 (Very Severe)","7 (Extremely Severe)","5 (Severe)","7 (Extremely Severe)","6 (Very Severe)","","","","Female","","18 - 25 years old","Yes","No","No","No","No","No","No","585.51","6.37",,,"35.68",,,,,,,"78.56",,,,,"119.01",,,,,"244.08",,,"86.55",,"15.26",,,
"43","1980-01-01 00:00:00","7","en","416193406","","","Yes","Yes","No","No","5 to 10 hours","No","No","No","Yes","Yes","No","Not involved (""just"" playing)","Yes","Yes, I strongly identify as a gamer.","Rarely","Yes","Yes","Yes","","Yes","Yes","Yes","No","Yes","No","No","Yes","No","","4 (Moderate)","1 (Not Severe at All)","5 (Severe)","4 (Moderate)","6 (Very Severe)","4 (Moderate)","7 (Extremely Severe)","6 (Very Severe)","Yes","No","Yes","No","","Disagree","Agree","Strongly disagree","Strongly disagree","Completely","Completely","Slightly","Always","Always","Often","Often","Often","Often","Sometimes","Sometimes","Strongly agree","Agree","Strongly disagree","Strongly disagree","Agree","Agree","being called dishwasher (me and others)","Go back to the kitchen (me and others)","Women are only good for cooking and sex not gaming (me)","'you deserve to be raped' (to me)","Boosted (me and others)","Who's dick did you suck to get your rank (me)","","","","","3 (Mild)","3 (Mild)","5 (Severe)","7 (Extremely Severe)","5 (Severe)","5 (Severe)","","","","","Female","","18 - 25 years old","No","No","No","No","Yes","No","No","592.42","20.27",,,"50.9",,,,,,,"109.76",,,,,"81.02",,,,,"283.23",,,"32.94",,"14.3",,,
"44","1980-01-01 00:00:00","7","en","1033454918","","","Yes","Yes","No","No","5 to 10 hours","Yes","No","No","No","No","No","Not involved (""just"" playing)","No","No, I don't identify as a gamer, even though I play games.","Often","No","No","No","","No","No","No","No","No","No","No","No","Yes","","1 (Not Severe at All)","5 (Severe)","5 (Severe)","5 (Severe)","5 (Severe)","3 (Mild)","5 (Severe)","2 (Very Mild)","No","No","No","Yes","","Neutral","Strongly disagree","Strongly agree","Strongly disagree","Significantly","Moderately","Significantly","Often","Often","Rarely","Rarely","Rarely","Rarely","Rarely","Rarely","Neutral","Disagree","Agree","Agree","Disagree","Strongly disagree","","","","","","","","","","","","","","","","","","","","","Female","","18 - 25 years old","Yes","No","No","No","No","No","No","358.41","13.04",,,"43.08",,,,,,,"119.09",,,,,"105.76",,,,,"49.71",,,"15.59",,"12.14",,,
"47","1980-01-01 00:00:00","7","en","1623758830","","","Yes","Yes","No","No","Less than 5 hours","No","No","No","Yes","No","No","Passive Participant (Reading posts, Attending Events, ...)","Yes","Somewhat, I identify as a gamer in certain contexts.","Never","Yes","No","No","Ingame Chat, but not directed at me","No","No","No","No","Yes","Yes","No","No","No","","6 (Very Severe)","6 (Very Severe)","6 (Very Severe)","7 (Extremely Severe)","7 (Extremely Severe)","5 (Severe)","7 (Extremely Severe)","6 (Very Severe)","Yes","No","No","No","","Disagree","Strongly agree","Strongly disagree","Agree","Moderately","Completely","Slightly","Always","Often","Always","Often","Sometimes","Sometimes","Often","Often","Agree","Agree","Disagree","Strongly disagree","Neutral","Agree","","","","","","","","","","","","","","","","","","","","","Female","","18 - 25 years old","Yes","No","No","No","No","No","No","540.44","11.23",,,"75.89",,,,,,,"181.69",,,,,"173.45",,,,,"64.83",,,"12.06",,"21.29",,,
"49","1980-01-01 00:00:00","7","en","117113202","","","Yes","No","Yes","No","More than 20 hours","No","No","No","No","No","Yes","Passive Participant (Reading posts, Attending Events, ...)","No","Yes, I strongly identify as a gamer.","Rarely","No","No","No","","No","No","No","No","Yes","No","No","No","No","","1 (Not Severe at All)","1 (Not Severe at All)","4 (Moderate)","2 (Very Mild)","1 (Not Severe at All)","5 (Severe)","7 (Extremely Severe)","1 (Not Severe at All)","No","Yes","Yes","No","","Strongly agree","Strongly disagree","Agree","Strongly agree","Slightly","Not at all","Slightly","Always","Sometimes","Often","Often","Always","Always","Often","Often","Neutral","Disagree","Agree","Strongly agree","Disagree","Strongly agree","","","","","","","","","","","","","","","","","","","","","Genderfluid","","18 - 25 years old","Yes","No","No","Yes","No","No","No","632.33","7.17",,,"88.21",,,,,,,"233.34",,,,,"152.11",,,,,"94.64",,,"17.11",,"39.75",,,
"50","1980-01-01 00:00:00","7","en","294178946","","","Yes","Yes","No","No","10 to 20 hours","No","No","No","No","Yes","No","Passive Participant (Reading posts, Attending Events, ...)","Yes","Yes, I strongly identify as a gamer.","Sometimes","Yes","No","Yes","","Yes","No","No","Yes","Yes","Yes","Yes","Yes","No","","5 (Severe)","6 (Very Severe)","6 (Very Severe)","5 (Severe)","4 (Moderate)","3 (Mild)","7 (Extremely Severe)","5 (Severe)","No","No","No","Yes","","Agree","Disagree","Disagree","Agree","Moderately","Significantly","Not at all","Often","Always","Never","Never","Sometimes","Never","Never","Never","Neutral","Disagree","Agree","Neutral","Neutral","Agree","Go back to the kitchen and make me a sandwich.","Already getting on your knees for me? (after I crouched at him)","Oh my god. I forgot what I wanted to say now. (after I greeted them back)","I didn't know we had a woman on our team. Come here! (proceeded to flirt with me the entire match despite me never answering) ","I hate when women act like this just because they met another woman. If I acted like this towards another man, they'd say I'm weird. (after another girl made a heart with her knife for me)","Can you be my pocket sage? I'll be your daddy.","Can you say uwu for me? / Say ara ara.","so you're not gonna send me soapy titty pics?","Let's have a girls night, just you and me.","I'll buy you a skin and you'll meet up with me.","4 (Moderate)","5 (Severe)","2 (Very Mild)","3 (Mild)","4 (Moderate)","5 (Severe)","5 (Severe)","6 (Very Severe)","6 (Very Severe)","5 (Severe)","Female","","18 - 25 years old","Yes","No","No","No","No","No","No","1173.49","16.97",,,"83.86",,,,,,,"139.11",,,,,"72.36",,,,,"808.95",,,"41.89",,"10.35",,,
"51","1980-01-01 00:00:00","7","en","1172074150","","","Yes","Yes","No","No","5 to 10 hours","No","No","No","Yes","Yes","No","Not involved (""just"" playing)","No","Yes, I strongly identify as a gamer.","Sometimes","No","No","No","I dont use voicechat anymore but I experienced a lot of it when I played Valorant last year. Now I dont use any voicechat anymore","Yes","Yes","No","No","Yes","No","No","Yes","No","","4 (Moderate)","3 (Mild)","7 (Extremely Severe)","5 (Severe)","7 (Extremely Severe)","5 (Severe)","6 (Very Severe)","7 (Extremely Severe)","No","No","No","No","Just stopped using vc","Neutral","Agree","Strongly disagree","Strongly agree","Completely","Moderately","Completely","Always","Always","Rarely","Rarely","Often","Often","Sometimes","Sometimes","Strongly agree","Strongly agree","Disagree","Strongly disagree","Agree","Disagree","Go back to the kitchen","The game is lost. (After they get to know there is a girl in game)","","","","","","","","","7 (Extremely Severe)","5 (Severe)","","","","","","","","","Female","","18 - 25 years old","Yes","No","No","No","No","No","No","529","21.67",,,"85.78",,,,,,,"121.13",,,,,"117.37",,,,,"157.44",,,"14.36",,"11.25",,,
"52","1980-01-01 00:00:00","7","en","349720807","https://l.instagram.com/","","Yes","Yes","No","No","Less than 5 hours","No","No","No","No","No","Yes","Passive Participant (Reading posts, Attending Events, ...)","Yes","No, I don't identify as a gamer, even though I play games.","Often","No","No","No","","No","No","No","No","No","No","No","No","Yes","","5 (Severe)","5 (Severe)","7 (Extremely Severe)","7 (Extremely Severe)","4 (Moderate)","5 (Severe)","7 (Extremely Severe)","5 (Severe)","No","No","No","Yes","","Neutral","Agree","Disagree","Agree","Moderately","Not at all","Not at all","Often","Often","Always","Always","Always","Always","Always","Always","Agree","Agree","Agree","Neutral","Neutral","Neutral","","","","","","","","","","","","","","","","","","","","","Male","","18 - 25 years old","No","No","No","No","Yes","No","No","230.8","4.29",,,"33.37",,,,,,,"92.25",,,,,"56.06",,,,,"24.7",,,"8.57",,"11.56",,,
"55","1980-01-01 00:00:00","7","en","446131188","","","Yes","Yes","No","No","5 to 10 hours","No","No","No","No","No","Yes","Not involved (""just"" playing)","Yes","No, I don't identify as a gamer, even though I play games.","Rarely","No","No","No","","No","No","No","No","No","No","No","No","Yes","","6 (Very Severe)","5 (Severe)","7 (Extremely Severe)","7 (Extremely Severe)","5 (Severe)","6 (Very Severe)","7 (Extremely Severe)","4 (Moderate)","Yes","No","No","No","","Disagree","Neutral","Strongly disagree","Agree","Significantly","Slightly","Not at all","Never","Sometimes","Always","Always","Sometimes","Often","Always","Always","Strongly agree","Agree","Neutral","Disagree","Neutral","Neutral","","","","","","","","","","","","","","","","","","","","","Female","","25 - 35 years old","Yes","No","No","No","No","No","No","437.79","11.98",,,"47.21",,,,,,,"139.97",,,,,"175.62",,,,,"40.66",,,"9.08",,"13.27",,,
"57","1980-01-01 00:00:00","7","en","2017121368","https://www.instagram.com/","","Yes","Yes","No","No","More than 20 hours","No","No","No","No","Yes","No","Passive Participant (Reading posts, Attending Events, ...)","No","Yes, I strongly identify as a gamer.","Rarely","No","No","No","","No","No","No","No","Yes","No","No","No","No","","5 (Severe)","2 (Very Mild)","6 (Very Severe)","7 (Extremely Severe)","4 (Moderate)","5 (Severe)","7 (Extremely Severe)","4 (Moderate)","No","No","No","Yes","","Strongly agree","Strongly disagree","Disagree","Strongly agree","Not at all","Not at all","Not at all","Never","Often","Never","Never","Often","Often","Never","Never","Strongly agree","Agree","Agree","Disagree","Disagree","Agree","","","","","","","","","","","","","","","","","","","","","Male","","18 - 25 years old","Yes","No","No","No","No","No","No","332.16","5.48",,,"67.79",,,,,,,"104.91",,,,,"90.87",,,,,"38.29",,,"10.27",,"14.55",,,
"61","1980-01-01 00:00:00","7","en","1300348485","","","Yes","Yes","No","No","More than 20 hours","No","No","No","Yes","No","No","Passive Participant (Reading posts, Attending Events, ...)","No","Yes, I strongly identify as a gamer.","Rarely","No","No","No","","No","No","No","No","Yes","No","No","No","No","","5 (Severe)","5 (Severe)","7 (Extremely Severe)","7 (Extremely Severe)","7 (Extremely Severe)","7 (Extremely Severe)","7 (Extremely Severe)","6 (Very Severe)","Yes","No","No","No","","Agree","Neutral","Disagree","Agree","Slightly","Not at all","Not at all","Always","Always","Never","Never","Always","Often","Never","Never","Strongly agree","Agree","Neutral","Strongly disagree","Neutral","Disagree","girls always play support","","","","","","","","","","4 (Moderate)","","","","","","","","","","Female","","18 - 25 years old","Yes","No","No","No","No","No","No","484.44","7.92",,,"81.93",,,,,,,"144.09",,,,,"133.43",,,,,"79.35",,,"20.93",,"16.79",,,
"63","1980-01-01 00:00:00","7","en","1367784743","","","Yes","Yes","No","Yes","Less than 5 hours","No","No","No","No","Yes","No","Passive Participant (Reading posts, Attending Events, ...)","Yes","Somewhat, I identify as a gamer in certain contexts.","Sometimes","Yes","Yes","Yes","","Yes","No","Yes","Yes","Yes","Yes","No","Yes","No","","5 (Severe)","3 (Mild)","7 (Extremely Severe)","7 (Extremely Severe)","5 (Severe)","7 (Extremely Severe)","7 (Extremely Severe)","6 (Very Severe)","No","No","No","Yes","","Disagree","Agree","Disagree","Agree","Significantly","Completely","Slightly","Sometimes","Often","Often","Sometimes","Always","Often","Rarely","Rarely","Agree","Agree","Agree","Disagree","Disagree","Neutral","(playing in kitchen valorant) ""stay there and make me a sandwich""","go play doll/makeup-you are certainly better there","gaming is nothing for little kids","are you playing on your boyfriend´s account? ","get yourself some ""balls"" and come back","here is my snap ""aisdjisa"" send some pics","can I have your onlyfans","","","","5 (Severe)","4 (Moderate)","3 (Mild)","3 (Mild)","5 (Severe)","6 (Very Severe)","6 (Very Severe)","","","","Female","","18 - 25 years old","Yes","No","No","No","No","No","No","820.51","14.64",,,"55.34",,,,,,,"135.66",,,,,"108.09",,,,,"381.11",,,"109.03",,"16.64",,,
"64","1980-01-01 00:00:00","7","en","1519756670","","","Yes","Yes","No","No","10 to 20 hours","No","No","No","Yes","Yes","No","Not involved (""just"" playing)","No","Yes, I strongly identify as a gamer.","Always","Yes","No","Yes","","No","No","Yes","No","Yes","Yes","No","Yes","No","","6 (Very Severe)","6 (Very Severe)","7 (Extremely Severe)","7 (Extremely Severe)","7 (Extremely Severe)","5 (Severe)","7 (Extremely Severe)","5 (Severe)","No","No","No","Yes","","Agree","Strongly agree","Strongly disagree","Agree","Completely","Completely","Slightly","Always","Always","Never","Never","Always","Always","Never","Never","Strongly agree","Agree","Disagree","Neutral","Agree","Agree","""Oh no, we've lost already."" (me)","""I just came to your voice."" (me)","""Shut the fuck up, girl/bitch/woman."" (me and else)","""Uninstall the game you stupid bitch and go back to the kitchen. Don't ever touch the game again."" (me)","""Make me a sandwich, woman."" (me)","","","","","","4 (Moderate)","7 (Extremely Severe)","3 (Mild)","7 (Extremely Severe)","4 (Moderate)","","","","","","Female","","18 - 25 years old","Yes","No","No","No","No","No","No","494.2","8.57",,,"36.56",,,,,,,"97.7",,,,,"69.97",,,,,"235.48",,,"36.58",,"9.34",,,
"65","1980-01-01 00:00:00","7","en","229424122","","","Yes","Yes","No","Yes","5 to 10 hours","No","No","No","Yes","Yes","No","Not involved (""just"" playing)","No","Yes, I strongly identify as a gamer.","Sometimes","No","No","Yes","","No","No","Yes","Yes","No","No","No","Yes","No","","4 (Moderate)","1 (Not Severe at All)","7 (Extremely Severe)","7 (Extremely Severe)","4 (Moderate)","5 (Severe)","7 (Extremely Severe)","4 (Moderate)","No","No","No","Yes","","Neutral","Disagree","Disagree","Strongly agree","Completely","Completely","Not at all","Often","Often","Sometimes","Rarely","Always","Always","Never","Never","Agree","Agree","Neutral","Disagree","Agree","Disagree","""Go back to the kitchen"" - another","""you should give me head"" - myself","""you should kill yourself""- myself ","""go make me a sandwich"" - another","""","","","","","","4 (Moderate)","7 (Extremely Severe)","7 (Extremely Severe)","4 (Moderate)","","","","","","","Female","","18 - 25 years old","No","No","No","Yes","No","No","No","508.94","10.15",,,"37.95",,,,,,,"151.86",,,,,"103.34",,,,,"172.95",,,"22.93",,"9.76",,,
"66","1980-01-01 00:00:00","7","en","1889187978","","","Yes","Yes","No","No","5 to 10 hours","No","No","No","No","Yes","No","Passive Participant (Reading posts, Attending Events, ...)","Yes","Yes, I strongly identify as a gamer.","Often","No","No","Yes","","No","No","Yes","Yes","Yes","Yes","No","No","No","","6 (Very Severe)","5 (Severe)","7 (Extremely Severe)","7 (Extremely Severe)","7 (Extremely Severe)","7 (Extremely Severe)","3 (Mild)","7 (Extremely Severe)","No","Yes","No","No","","Agree","Strongly agree","Strongly disagree","Strongly disagree","Completely","Completely","Completely","Always","Always","Always","Always","Always","Always","Always","Always","Strongly agree","Strongly agree","Strongly agree","Strongly disagree","Disagree","Agree","","","","","","","","","","","","","","","","","","","","","Female","","18 - 25 years old","Yes","No","No","No","No","No","No","277.51","7.72",,,"49.2",,,,,,,"93.83",,,,,"69.57",,,,,"33.59",,,"11.5",,"12.1",,,
"67","1980-01-01 00:00:00","7","en","342544708","","","Yes","Yes","No","No","10 to 20 hours","No","No","No","No","Yes","No","Passive Participant (Reading posts, Attending Events, ...)","Yes","Yes, I strongly identify as a gamer.","Sometimes","Yes","Yes","Yes","","Yes","Yes","Yes","Yes","Yes","Yes","No","Yes","No","","4 (Moderate)","4 (Moderate)","5 (Severe)","6 (Very Severe)","4 (Moderate)","5 (Severe)","7 (Extremely Severe)","3 (Mild)","No","Yes","Yes","No","","Neutral","Agree","Disagree","Strongly agree","Completely","Moderately","Significantly","Often","Always","Sometimes","Sometimes","Always","Always","Often","Often","Agree","Strongly agree","Strongly disagree","Disagree","Strongly agree","Agree","Bop (for ignoring them, directed at me)","Foid (femoid, incel term, not directed at me)","","","","","","","","","3 (Mild)","4 (Moderate)","","","","","","","","","Female","","18 - 25 years old","Yes","No","No","Yes","No","No","No","433.95","7.74",,,"42.45",,,,,,,"120.78",,,,,"129.64",,,,,"104.93",,,"12.42",,"15.99",,,
"68","1980-01-01 00:00:00","7","en","1263231263","","","Yes","Yes","No","No","10 to 20 hours","No","No","No","No","Yes","No","Passive Participant (Reading posts, Attending Events, ...)","No","Yes, I strongly identify as a gamer.","Often","No","Yes","Yes","","No","No","No","No","Yes","Yes","No","No","No","","5 (Severe)","3 (Mild)","6 (Very Severe)","4 (Moderate)","6 (Very Severe)","5 (Severe)","1 (Not Severe at All)","1 (Not Severe at All)","No","No","No","Yes","","Agree","Disagree","Neutral","Disagree","Slightly","Significantly","Not at all","Always","Always","Always","Sometimes","Always","Sometimes","Sometimes","Rarely","Agree","Agree","Neutral","Disagree","Agree","Neutral","u r woman, u r bad","go kitchen","I<ys","take a rope","","","","","","","2 (Very Mild)","4 (Moderate)","","","","","","","","","Female","","18 - 25 years old","Yes","No","No","No","No","No","No","521.03","6.5",,,"57.6",,,,,,,"127.59",,,,,"155.91",,,,,"132.2",,,"23.7",,"17.53",,,
"70","1980-01-01 00:00:00","7","en","645328627","","","Yes","Yes","Yes","No","10 to 20 hours","No","No","No","No","No","Yes","Not involved (""just"" playing)","Yes","Yes, I strongly identify as a gamer.","Rarely","Yes","Yes","Yes","","No","No","Yes","Yes","Yes","Yes","No","No","No","","7 (Extremely Severe)","6 (Very Severe)","7 (Extremely Severe)","7 (Extremely Severe)","7 (Extremely Severe)","5 (Severe)","7 (Extremely Severe)","5 (Severe)","Yes","No","Yes","No","","Disagree","Agree","Neutral","Strongly agree","Significantly","Significantly","Moderately","Always","Always","Rarely","Rarely","Sometimes","Sometimes","Rarely","Rarely","Agree","Strongly agree","Neutral","Neutral","Agree","Neutral","Go get a sandwich","Girls can’t play videogames ","You can’t be female because girls can’t play videogames","Could you describe what are you wearing?","I wanna get under your desk and lick your pussy until you can’t keep a straight face ","","","","","","5 (Severe)","5 (Severe)","5 (Severe)","6 (Very Severe)","7 (Extremely Severe)","","","","","","Female","","Over 35 years old","Yes","No","No","No","No","No","No","427.61","8.23",,,"26.57",,,,,,,"78.2",,,,,"76.25",,,,,"181.89",,,"45.12",,"11.35",,,
"71","1980-01-01 00:00:00","7","en","1344137510","","","Yes","Yes","No","No","10 to 20 hours","No","No","No","No","Yes","No","Passive Participant (Reading posts, Attending Events, ...)","Yes","Yes, I strongly identify as a gamer.","Always","Yes","Yes","Yes","","Yes","Yes","Yes","Yes","Yes","Yes","No","Yes","No","","7 (Extremely Severe)","6 (Very Severe)","7 (Extremely Severe)","7 (Extremely Severe)","4 (Moderate)","7 (Extremely Severe)","7 (Extremely Severe)","6 (Very Severe)","No","Yes","No","No","","Agree","Agree","Disagree","Strongly agree","Significantly","Moderately","Not at all","Always","Always","Sometimes","Rarely","Always","Always","Sometimes","Sometimes","Agree","Agree","Disagree","Disagree","Strongly agree","Agree","""I'm going to rape you"" me.","""I hope you get raped"" me.","""Go back to the kitchen"" me.","""Go have esex with your eboyfriend!"" me.","""Fucking woman..."" me.","""Shut up, Bitch!"" me.","""Don't listen to the idiot girl"" me.","""Why are you playing Valorant?  Like just go scissor each other already... but let me watch!"" me.","""It's because we have a woman on our team"" me.","""You sound hot as fuck... do you have a boyfriend?"" me.","7 (Extremely Severe)","7 (Extremely Severe)","3 (Mild)","6 (Very Severe)","4 (Moderate)","5 (Severe)","5 (Severe)","7 (Extremely Severe)","4 (Moderate)","5 (Severe)","Female","","Under 18 years old","No","No","No","Yes","No","No","No","1420.04","5.83",,,"64.19",,,,,,,"194.67",,,,,"209.14",,,,,"725.02",,,"189.11",,"32.08",,,
"75","1980-01-01 00:00:00","7","en","293595438","","","Yes","Yes","No","No","More than 20 hours","No","No","No","Yes","No","No","Active Participant (Posting, Organizing Events, Moderating Communities, ...)","No","Yes, I strongly identify as a gamer.","Sometimes","Yes","Yes","No","","Yes","No","Yes","Yes","Yes","No","No","No","No","","5 (Severe)","2 (Very Mild)","6 (Very Severe)","6 (Very Severe)","6 (Very Severe)","5 (Severe)","2 (Very Mild)","3 (Mild)","No","Yes","Yes","No","","Strongly agree","Disagree","Strongly disagree","Neutral","Significantly","Not at all","Not at all","Always","Always","Rarely","Rarely","Always","Always","Rarely","Rarely","Agree","Neutral","Neutral","Neutral","Agree","Neutral","Go kitchen me","Gonna rape you else","Boosted egirl me","Disguting bitch else","Whore else","","","","","","3 (Mild)","7 (Extremely Severe)","4 (Moderate)","6 (Very Severe)","6 (Very Severe)","","","","","","Female","","18 - 25 years old","Yes","No","No","No","No","No","No","467.67","5.49",,,"38.81",,,,,,,"143.99",,,,,"135.25",,,,,"104.07",,,"23.47",,"16.59",,,
"78","1980-01-01 00:00:00","7","en","1376735158","https://dashboard.ticketsbot.net/","","Yes","Yes","No","No","More than 20 hours","No","No","No","Yes","Yes","No","Active Participant (Posting, Organizing Events, Moderating Communities, ...)","Yes","Yes, I strongly identify as a gamer.","Often","Yes","Yes","No","","Yes","No","Yes","Yes","Yes","Yes","No","Yes","No","","4 (Moderate)","2 (Very Mild)","6 (Very Severe)","5 (Severe)","7 (Extremely Severe)","5 (Severe)","1 (Not Severe at All)","4 (Moderate)","No","No","No","Yes","","Strongly agree","Agree","Disagree","Strongly agree","Completely","Moderately","Slightly","Often","Always","Often","Sometimes","Always","Sometimes","Always","Often","Strongly agree","Strongly agree","Neutral","Strongly disagree","Agree","Neutral","Girlcuck [name] because of my username ","","","","","","","","","","7 (Extremely Severe)","","","","","","","","","","Female","","25 - 35 years old","Yes","No","No","No","No","No","No","299.42","4.6",,,"70.18",,,,,,,"55.39",,,,,"100.92",,,,,"53.87",,,"5.5",,"8.96",,,
"79","1980-01-01 00:00:00","7","en","1931926565","","","Yes","Yes","No","No","5 to 10 hours","Yes","No","No","Yes","Yes","No","Passive Participant (Reading posts, Attending Events, ...)","Yes","Somewhat, I identify as a gamer in certain contexts.","Often","Yes","Yes","Yes","DMs after games","Yes","No","Yes","Yes","Yes","Yes","Yes","Yes","No","","5 (Severe)","5 (Severe)","7 (Extremely Severe)","7 (Extremely Severe)","7 (Extremely Severe)","7 (Extremely Severe)","7 (Extremely Severe)","7 (Extremely Severe)","Yes","No","Yes","No","","Disagree","Neutral","Strongly disagree","Strongly agree","Not at all","Not at all","Slightly","Always","Always","Often","Often","Always","Always","Sometimes","Sometimes","Agree","Agree","Disagree","Disagree","Agree","Neutral","show xyz body part (me)","stop playing and go to the kitchen (me)","i will surrender when you do xyz (me)","do you have a boyfriend/are you single (me)","u have big boobas (or different ""memes"") (me)","","","","","","6 (Very Severe)","7 (Extremely Severe)","7 (Extremely Severe)","5 (Severe)","4 (Moderate)","","","","","","Female","","18 - 25 years old","Yes","No","No","No","No","No","No","541.97","6.31",,,"50.13",,,,,,,"100.47",,,,,"140.88",,,,,"201.47",,,"22.57",,"20.14",,,
"80","1980-01-01 00:00:00","7","en","661023418","","","Yes","Yes","No","No","10 to 20 hours","No","No","No","Yes","Yes","No","Active Participant (Posting, Organizing Events, Moderating Communities, ...)","No","Yes, I strongly identify as a gamer.","Often","Yes","Yes","Yes","","No","No","Yes","Yes","Yes","Yes","No","No","No","","3 (Mild)","3 (Mild)","7 (Extremely Severe)","7 (Extremely Severe)","6 (Very Severe)","5 (Severe)","7 (Extremely Severe)","7 (Extremely Severe)","No","No","No","Yes","","Agree","Neutral","Strongly disagree","Agree","Slightly","Completely","Not at all","Always","Often","Rarely","Rarely","Often","Sometimes","Never","Never","Strongly agree","Agree","Neutral","Strongly disagree","Neutral","Neutral","„Zurück in die Küche mit dir“","„Willst du mir einen blasen?“","","","","","","","","","5 (Severe)","6 (Very Severe)","","","","","","","","","Male","","18 - 25 years old","Yes","No","No","No","No","No","No","500.62","6.19",,,"72.17",,,,,,,"197.8",,,,,"103.94",,,,,"84.25",,,"24.08",,"12.19",,,
"82","1980-01-01 00:00:00","7","en","1629528716","","","Yes","Yes","No","No","10 to 20 hours","No","No","No","Yes","No","No","Passive Participant (Reading posts, Attending Events, ...)","Yes","Somewhat, I identify as a gamer in certain contexts.","Rarely","Yes","Yes","No","","No","No","Yes","Yes","Yes","Yes","No","No","No","","7 (Extremely Severe)","7 (Extremely Severe)","7 (Extremely Severe)","7 (Extremely Severe)","7 (Extremely Severe)","7 (Extremely Severe)","7 (Extremely Severe)","7 (Extremely Severe)","Yes","No","Yes","No","","Neutral","Agree","Disagree","Agree","Completely","Completely","Significantly","Always","Always","Sometimes","Sometimes","Often","Often","Sometimes","Sometimes","Agree","Neutral","Disagree","Disagree","Agree","Agree","Ah my support is a woman, that explains the game performance | Recipent","GGWP gender diff | Recipent","","","","","","","","","5 (Severe)","5 (Severe)","","","","","","","","","Female","","18 - 25 years old","Yes","No","No","No","No","No","No","351.58","4.35",,,"32.55",,,,,,,"55.09",,,,,"67.72",,,,,"158.92",,,"24.92",,"8.03",,,
"83","1980-01-01 00:00:00","7","en","1849328857","","","Yes","Yes","No","No","More than 20 hours","No","No","No","Yes","No","No","Active Participant (Posting, Organizing Events, Moderating Communities, ...)","Yes","Yes, I strongly identify as a gamer.","Rarely","Yes","Yes","No","","No","No","Yes","Yes","Yes","Yes","No","No","No","","2 (Very Mild)","1 (Not Severe at All)","4 (Moderate)","7 (Extremely Severe)","7 (Extremely Severe)","6 (Very Severe)","3 (Mild)","1 (Not Severe at All)","Yes","Yes","Yes","No","","Disagree","Strongly agree","Strongly disagree","Strongly agree","Completely","Slightly","Moderately","Always","Always","Always","Always","Always","Always","Always","Always","Strongly agree","Neutral","Disagree","Strongly disagree","Agree","Disagree","","","","","","","","","","","","","","","","","","","","","Female","","25 - 35 years old","Yes","No","No","No","No","No","No","287.91","13.71",,,"25.77",,,,,,,"78.44",,,,,"77.34",,,,,"76.51",,,"7.13",,"9.01",,,
"86","1980-01-01 00:00:00","7","en","1382812413","","","Yes","Yes","No","Yes","10 to 20 hours","Yes","No","No","Yes","Yes","No","Passive Participant (Reading posts, Attending Events, ...)","No","Yes, I strongly identify as a gamer.","Rarely","Yes","No","No","","Yes","Yes","Yes","No","No","No","No","No","No","","6 (Very Severe)","5 (Severe)","3 (Mild)","3 (Mild)","4 (Moderate)","3 (Mild)","6 (Very Severe)","2 (Very Mild)","Yes","No","Yes","No","","Agree","Strongly disagree","Disagree","Disagree","Significantly","Not at all","Not at all","Always","Always","Sometimes","Sometimes","Often","Often","Rarely","Rarely","Neutral","Disagree","Disagree","Agree","Agree","Disagree","","","","","","","","","","","","","","","","","","","","","Female","","Under 18 years old","Yes","No","No","Yes","No","No","No","269.65","7.78",,,"44.16",,,,,,,"69.62",,,,,"75.38",,,,,"44.51",,,"13",,"15.2",,,
"88","1980-01-01 00:00:00","7","en","1472070455","","","Yes","Yes","No","No","5 to 10 hours","No","No","No","Yes","No","No","Not involved (""just"" playing)","Yes","No, I don't identify as a gamer, even though I play games.","Rarely","Yes","No","No","","No","No","Yes","Yes","No","No","No","No","No","","7 (Extremely Severe)","6 (Very Severe)","5 (Severe)","6 (Very Severe)","3 (Mild)","2 (Very Mild)","7 (Extremely Severe)","3 (Mild)","Yes","No","No","No","","Disagree","Agree","Disagree","Strongly agree","Completely","Not at all","Slightly","Sometimes","Rarely","Always","Often","Always","Often","Always","Often","Strongly agree","Strongly agree","Disagree","Strongly disagree","Strongly agree","Neutral","","","","","","","","","","","","","","","","","","","","","Female","","25 - 35 years old","Yes","No","No","No","No","No","No","310.22","11.57",,,"53.79",,,,,,,"108.45",,,,,"89.6",,,,,"28.01",,,"8.42",,"10.38",,,
"89","1980-01-01 00:00:00","7","en","1935152584","","","Yes","Yes","No","No","10 to 20 hours","No","No","No","Yes","No","No","Passive Participant (Reading posts, Attending Events, ...)","No","Yes, I strongly identify as a gamer.","Often","No","Yes","No","","Yes","Yes","Yes","Yes","Yes","No","No","No","No","","7 (Extremely Severe)","7 (Extremely Severe)","6 (Very Severe)","6 (Very Severe)","5 (Severe)","5 (Severe)","7 (Extremely Severe)","5 (Severe)","No","No","No","Yes","","Strongly agree","Agree","Disagree","Agree","Significantly","Moderately","Slightly","Always","Always","Often","Often","Often","Often","Often","Often","Strongly agree","Agree","Neutral","Disagree","Neutral","Disagree","","","","","","","","","","","","","","","","","","","","","Female","","25 - 35 years old","Yes","No","No","No","No","No","No","406.44","5.64",,,"65.37",,,,,,,"106.92",,,,,"107.11",,,,,"98.69",,,"9.36",,"13.35",,,
"91","1980-01-01 00:00:00","7","en","1616982685","","","Yes","Yes","No","No","More than 20 hours","No","No","No","Yes","No","No","Active Participant (Posting, Organizing Events, Moderating Communities, ...)","No","Yes, I strongly identify as a gamer.","Rarely","Yes","Yes","No","","Yes","Yes","Yes","Yes","No","Yes","No","No","No","","5 (Severe)","5 (Severe)","7 (Extremely Severe)","7 (Extremely Severe)","4 (Moderate)","6 (Very Severe)","7 (Extremely Severe)","3 (Mild)","Yes","No","Yes","No","Had to change my icon cause it had a trans flag and i got inted and targeted in about 6 games in 1 day.","Agree","Agree","Agree","Strongly agree","Significantly","Not at all","Completely","Always","Often","Often","Often","Always","Always","Sometimes","Sometimes","Agree","Agree","Disagree","Disagree","Strongly agree","Agree","""I joined the voice channel and it was full of guys."" (Said by someone i used to know after joining a watch party full of trans girls)","""Hey Shyvana are you part of the alphabet community."" (Said at the start of the game before they continued to ruin my game for 20 min)","""You are delusional and mentally ill"" (Said to me when i had a trans flag as my icon in a game)","","","","","","","","7 (Extremely Severe)","5 (Severe)","6 (Very Severe)","","","","","","","","Female","","18 - 25 years old","Yes","No","No","No","No","No","No","1030.07","6.47",,,"31.95",,,,,,,"91.76",,,,,"108.02",,,,,"758.74",,,"22.33",,"10.8",,,
"93","1980-01-01 00:00:00","7","en","2136564154","","","Yes","Yes","No","No","10 to 20 hours","No","No","No","No","No","Yes","Passive Participant (Reading posts, Attending Events, ...)","No","Yes, I strongly identify as a gamer.","Often","Yes","Yes","Yes","","Yes","No","Yes","Yes","Yes","Yes","No","No","No","","5 (Severe)","6 (Very Severe)","7 (Extremely Severe)","7 (Extremely Severe)","7 (Extremely Severe)","7 (Extremely Severe)","7 (Extremely Severe)","7 (Extremely Severe)","No","No","No","Yes","","Agree","Disagree","Strongly disagree","Agree","Significantly","Slightly","Not at all","Always","Always","Sometimes","Sometimes","Often","Often","Sometimes","Sometimes","Agree","Agree","Strongly disagree","Strongly disagree","Strongly agree","Disagree","Oh great a woman, now we're definitely going to lose - at me","Are you trans? I cant tell if youre a man or woman but if youre trans I hope you die - at me","Get back in the kitchen - at me","","","","","","","","5 (Severe)","7 (Extremely Severe)","4 (Moderate)","","","","","","","","Female","","18 - 25 years old","Yes","No","No","No","No","No","No","558.02","6.54",,,"46.34",,,,,,,"149.16",,,,,"211.41",,,,,"101.72",,,"24.03",,"18.82",,,
"94","1980-01-01 00:00:00","7","en","493626172","","","Yes","Yes","No","Yes","More than 20 hours","No","No","No","Yes","No","No","Not involved (""just"" playing)","Yes","Yes, I strongly identify as a gamer.","Sometimes","Yes","No","Yes","Dms","Yes","No","Yes","No","No","No","No","No","No","Telling me to kms","6 (Very Severe)","6 (Very Severe)","7 (Extremely Severe)","7 (Extremely Severe)","7 (Extremely Severe)","7 (Extremely Severe)","7 (Extremely Severe)","7 (Extremely Severe)","Yes","No","Yes","No","Profilpicture","Neutral","Strongly agree","Disagree","Strongly agree","Completely","Moderately","Significantly","Sometimes","Always","Always","Always","Rarely","Rarely","Always","Always","Strongly agree","Strongly agree","Strongly disagree","Strongly disagree","Strongly agree","Disagree","Kys fucking tranny (me)","What the fuck is wrong with your voice (me)","Go into the kitchen (else)","","","","","","","","7 (Extremely Severe)","7 (Extremely Severe)","7 (Extremely Severe)","","","","","","","","Female","","18 - 25 years old","Yes","No","No","No","No","No","No","445.55","5.75",,,"54.16",,,,,,,"117.18",,,,,"127.79",,,,,"106.06",,,"18.54",,"16.07",,,
"95","1980-01-01 00:00:00","7","en","208747435","","","Yes","Yes","No","No","10 to 20 hours","No","No","No","Yes","No","No","Passive Participant (Reading posts, Attending Events, ...)","No","Yes, I strongly identify as a gamer.","Often","Yes","No","No","","No","No","No","No","No","Yes","No","No","No","","5 (Severe)","6 (Very Severe)","6 (Very Severe)","7 (Extremely Severe)","4 (Moderate)","5 (Severe)","7 (Extremely Severe)","4 (Moderate)","No","No","No","Yes","","Agree","Disagree","Neutral","Agree","Completely","Not at all","Not at all","Always","Always","Sometimes","Rarely","Often","Often","Rarely","Rarely","Neutral","Neutral","Neutral","Neutral","Neutral","Agree","","","","","","","","","","","","","","","","","","","","","Female","","18 - 25 years old","Yes","No","No","No","No","No","No","324.66","5.54",,,"47.92",,,,,,,"83.33",,,,,"92.17",,,,,"67.46",,,"17.01",,"11.23",,,
"97","1980-01-01 00:00:00","7","en","2147299418","","","Yes","Yes","No","No","10 to 20 hours","No","No","No","Yes","No","No","Passive Participant (Reading posts, Attending Events, ...)","Yes","Yes, I strongly identify as a gamer.","Sometimes","No","No","No","Stppoed doing it at all + no vc in league yet","No","No","No","No","No","No","No","No","Yes","","7 (Extremely Severe)","7 (Extremely Severe)","7 (Extremely Severe)","7 (Extremely Severe)","7 (Extremely Severe)","7 (Extremely Severe)","7 (Extremely Severe)","7 (Extremely Severe)","No","No","No","Yes","","Agree","Agree","Neutral","Strongly agree","Significantly","Not at all","Not at all","Always","Always","Sometimes","Often","Always","Always","Never","Always","Agree","Neutral","Neutral","Disagree","Agree","Neutral","You can't be better than me as a girl, you must be transgender","Shut up, whore","Boosted e-girl","","","","","","","","7 (Extremely Severe)","7 (Extremely Severe)","5 (Severe)","","","","","","","","Female","","25 - 35 years old","Yes","No","No","No","No","No","No","411.67","7.22",,,"35.09",,,,,,,"110.31",,,,,"120.36",,,,,"104.66",,,"19.95",,"14.08",,,
"99","1980-01-01 00:00:00","7","en","128798161","","","Yes","Yes","No","No","10 to 20 hours","No","No","No","No","No","Yes","Active Participant (Posting, Organizing Events, Moderating Communities, ...)","Yes","Yes, I strongly identify as a gamer.","Rarely","Yes","Yes","Yes","","Yes","Yes","Yes","Yes","Yes","Yes","No","No","No","","5 (Severe)","4 (Moderate)","5 (Severe)","6 (Very Severe)","5 (Severe)","5 (Severe)","6 (Very Severe)","5 (Severe)","No","Yes","Yes","No","","Agree","Agree","Strongly disagree","Strongly agree","Completely","Significantly","Slightly","Always","Always","Always","Often","Rarely","Rarely","Always","Often","Agree","Agree","Neutral","Disagree","Neutral","Neutral","""wanna watch anime with me some time?"" - ""only if we win"" - ""fuck you"" (me)","ggs we have a female (me)","""back in the kitchen you go, I have enough egirls. now get off of me"" (me)","""holy shit 2 girls, I'm already rubbing it"" (me and someone else)","""are you a girl or a little boy"" (me)","""you sound like you are fat"" (me)","""fucking slut"" (me)","""any egirls? preferably horny. X can I get your snap?"" - ""they're 15"" - ""even better"" (someone else)","""I just rubbed one out for you"" (someone else)","""I was busy thinking about getting pegged. let's make out rn"" (someone else)","3 (Mild)","3 (Mild)","4 (Moderate)","6 (Very Severe)","6 (Very Severe)","6 (Very Severe)","5 (Severe)","7 (Extremely Severe)","6 (Very Severe)","6 (Very Severe)","Female","","25 - 35 years old","Yes","No","No","No","No","No","No","800.48","6.53",,,"30.96",,,,,,,"85.09",,,,,"59.2",,,,,"575.95",,,"31.13",,"11.62",,,
"101","1980-01-01 00:00:00","7","en","1741217156","","","Yes","Yes","No","No","10 to 20 hours","No","No","No","Yes","No","No","Active Participant (Posting, Organizing Events, Moderating Communities, ...)","No","Yes, I strongly identify as a gamer.","Rarely","Yes","No","No","","No","No","Yes","No","No","No","No","No","No","","5 (Severe)","5 (Severe)","6 (Very Severe)","6 (Very Severe)","6 (Very Severe)","6 (Very Severe)","7 (Extremely Severe)","7 (Extremely Severe)","Yes","No","No","No","","Strongly agree","Agree","Neutral","Agree","Completely","Slightly","Slightly","Always","Often","Often","Often","Never","Often","Never","Often","Strongly agree","Agree","Neutral","Disagree","Neutral","Neutral","""Boosted Egirl"" - me","""You only play because of your boyfriend"" - me","""Wanna make a baby?"" - me","","","","","","","","4 (Moderate)","4 (Moderate)","5 (Severe)","","","","","","","","Female","","18 - 25 years old","Yes","No","No","No","No","No","No","493.44","5.89",,,"37.2",,,,,,,"83.84",,,,,"72.12",,,,,"266.31",,,"18.47",,"9.61",,,
"102","1980-01-01 00:00:00","7","en","294417789","","","Yes","Yes","No","No","10 to 20 hours","No","No","No","No","No","Yes","Passive Participant (Reading posts, Attending Events, ...)","Yes","Somewhat, I identify as a gamer in certain contexts.","Rarely","Yes","Yes","Yes","DMs","Yes","No","Yes","No","Yes","No","No","No","No","","6 (Very Severe)","6 (Very Severe)","7 (Extremely Severe)","7 (Extremely Severe)","6 (Very Severe)","7 (Extremely Severe)","7 (Extremely Severe)","7 (Extremely Severe)","Yes","No","No","No","","Agree","Strongly agree","Strongly disagree","Strongly agree","Completely","Slightly","Slightly","Always","Always","Often","Often","Always","Always","Often","Often","Agree","Agree","Disagree","Strongly disagree","Strongly agree","Neutral","","","","","","","","","","","","","","","","","","","","","Non-binary","","18 - 25 years old","Yes","No","No","No","No","No","No","425.06","8.38",,,"54.77",,,,,,,"85.14",,,,,"103.98",,,,,"149.58",,,"11.82",,"11.39",,,
"103","1980-01-01 00:00:00","7","en","1457827477","","","Yes","Yes","No","No","10 to 20 hours","No","No","No","Yes","No","No","Active Participant (Posting, Organizing Events, Moderating Communities, ...)","No","Yes, I strongly identify as a gamer.","Never","Yes","No","No","","No","No","No","No","No","Yes","No","No","No","","1 (Not Severe at All)","1 (Not Severe at All)","1 (Not Severe at All)","4 (Moderate)","1 (Not Severe at All)","5 (Severe)","1 (Not Severe at All)","1 (Not Severe at All)","No","No","No","Yes","","Strongly agree","Disagree","Neutral","Agree","Not at all","Not at all","Not at all","Always","Always","Never","Never","Always","Always","Never","Never","Strongly agree","Neutral","Neutral","Disagree","Disagree","Strongly disagree","Me: ""Meow"" -> Random: ""Are you a girl?""","","","","","","","","","","3 (Mild)","","","","","","","","","","Male","","18 - 25 years old","Yes","No","No","No","No","No","No","657.73","9.95",,,"81.56",,,,,,,"165.94",,,,,"196.65",,,,,"158.17",,,"27.89",,"17.57",,,
